{"invoiceDate":"03/22/2021","invoiceNumber":"ABCAssociatesLLC/1018","dueDate":"03/22/2021","billedByName":"ABC Associates LLC","billedByEmail":"vedangshah@technotery.com","billedByPhoneNum":"+918888888880","billedByAddress":"100 Acres, Beverly Hills, California","billedToName":"Peter ","billedToEmail":"peter@example.com","billedToPhoneNum":"1234567890","billedToAddress":"ABC Apt.","billedToCountryCode":"1","termsAndConditions":["Terms"],"advancePaymentAmount":"12","outstandingAmount":"1851.00","notes":"Notes is here","subTotal":"1620.00","netTax":"243.00","netTotal":"1863.00","currency":"Euro($)($)($)","invoiceParticulars":[{"ratePerHour":"10","description":"Add","numberOfHours":"12","total":120},{"ratePerHour":"150","description":"Desc-1","numberOfHours":"10","total":1500}],"contactEmailId":"vedangshah@technotery.com","contactPhoneNum":"+918888888880","taxDetails":[{"tax":"gst","taxVal":"5"},{"tax":"VAT","taxVal":"10"}],"updatedBy":"vedangshah@technotery.com"}